episode,episode_reward,step
91.0,-0.3457259976287716,2000
175.0,11.753143548572032,4000
