episode,episode_reward,step
91.0,11.570878178035334,2000
175.0,1.9793099713716302,4000
