{"episode_reward": 253.85226678775555, "_timestamp": 1712544197.3512833, "_runtime": 98.97560524940491, "_step": 7607, "_wandb": {"runtime": 98}}