episode,episode_reward,step
88.0,4.510566885961662,2000
186.0,9.381545781571553,4000
