episode,episode_reward,step
44.5,16.254937843298723,2000
137.5,10.50805591449456,4000
