{"episode_reward": 119.37571944889027, "_timestamp": 1712544726.8741202, "_runtime": 35.07610511779785, "_step": 5045, "eval_reward": null, "_wandb": {"runtime": 32}}