{"ep_reward": 36.69988427138329, "step": 2000, "_timestamp": 1712808596.934523, "_runtime": 9.84134316444397, "_step": 2001, "eval_reward": 51499.31868030444, "_wandb": {"runtime": 7}}