{"episode_reward": 15.080226564307504, "_timestamp": 1712544976.984951, "_runtime": 53.52821111679077, "_step": 5999, "eval_reward": null, "_wandb": {"runtime": 53}}