{"episode_reward": 3.8986627872174937, "_timestamp": 1712544385.3628154, "_runtime": 23.11228346824646, "_step": 1999, "_wandb": {"runtime": 21}}