episode,episode_reward,step
96.0,3.3310497953368365,2000
186.0,11.032511398323026,4000
