episode,episode_reward,step
48.5,12.705700115360756,2000
141.5,14.406598290577687,4000
