{"episode_reward": 142.3363083405628, "_timestamp": 1712545412.8762686, "_runtime": 113.13409471511841, "_step": 8963, "eval_reward": null, "_wandb": {"runtime": 111}}