{"ep_reward": 2.0021653852879475, "step": 10350, "_timestamp": 1712808562.2973707, "_runtime": 10.049969673156738, "_step": 10356, "eval_reward": 117.7933515546587, "_wandb": {"runtime": 8}}