episode,episode_reward,step
100.0,0.07292352713704131,2000
195.0,0.9271074508194556,4000
