{"episode_reward": 6.342617921707276, "_timestamp": 1712544793.9474592, "_runtime": 54.59315228462219, "_step": 5999, "eval_reward": null, "_wandb": {"runtime": 54}}