{"ep_reward": -338.97257177114324, "step": 1153, "_timestamp": 1712808629.4826472, "_runtime": 8.26900315284729, "_step": 1154, "eval_reward": 995.0874290242355, "_wandb": {"runtime": 6}}