{"episode_reward": 17.62370270635321, "_timestamp": 1712544451.80788, "_runtime": 26.51505994796753, "_step": 1999, "_wandb": {"runtime": 22}}