{"episode_reward": 1.3748062227066722, "_timestamp": 1712544641.5548704, "_runtime": 32.09497928619385, "_step": 5026, "eval_reward": null, "_wandb": {"runtime": 29}}