{"episode_reward": 67.89952700985364, "_timestamp": 1712545210.7105443, "_runtime": 130.20170140266418, "_step": 10000, "eval_reward": null, "_wandb": {"runtime": 126}}