{"ep_reward": 36.55779142986792, "step": 4735, "_timestamp": 1712808698.9659328, "_runtime": 7.1574859619140625, "_step": 4738, "eval_reward": 84.67404674194384, "_wandb": {"runtime": 5}}