{"episode_reward": 37.982972823985, "_timestamp": 1712545577.8540685, "_runtime": 135.13732051849365, "_step": 10000, "eval_reward": 51.092080083699265, "_wandb": {"runtime": 134}}