{"ep_reward": 24.59817673566478, "step": 2000, "_timestamp": 1712808659.033283, "_runtime": 7.191967964172363, "_step": 2001, "eval_reward": 331.56961596522905, "_wandb": {"runtime": 5}}